ID,age,ed,employ,address,income,debtinc,creddebt,othdebt,default
1,41,3,17,12,176,9.3,11.359392,5.008608,True
2,27,1,10,6,31,17.3,1.362202,4.000798,False
3,40,1,15,14,55,5.5,0.856075,2.168925,False
